{"flutter":{"platforms":{"android":{"default":{"projectId":"reciclagemapp-dbe4f","appId":"1:733760701436:android:c07f5b3bf38ad8cd4a6879","fileOutput":"android/app/google-services.json"}},"dart":{"lib/firebase_options.dart":{"projectId":"reciclagemapp-dbe4f","configurations":{"android":"1:733760701436:android:c07f5b3bf38ad8cd4a6879","ios":"1:733760701436:ios:6e4570f21113ba744a6879","macos":"1:733760701436:ios:6e4570f21113ba744a6879","web":"1:733760701436:web:44e625e408537d594a6879","windows":"1:733760701436:web:8d0d0c1f867122a34a6879"}}}}}}